USE CTC;

DELETE FROM PROVIDERS;

INSERT INTO PROVIDERS ( ID, NAME) VALUES ( "POL", "Poloniex" );

DELETE FROM CLEARINGS;
-- INSERT INTO CLEARINGS (ID_CLEARING, NAME) VALUES ( "ING",      "ING");
INSERT INTO CLEARINGS (ID_CLEARING, NAME, MAKER, TAKER) VALUES ( "POL",      "Poloniex", 8, 20);
-- INSERT INTO CLEARINGS (ID_CLEARING, NAME) VALUES ( "COINBASE", "Coin Base");

DELETE FROM ACCOUNTS;
-- INSERT INTO ACCOUNTS  (ID_CLEARING, CURRENCY, BALANCE, CC) VALUES ("ING"      , "EUR",           0.0, "XXXX-XXXX-XX-XXXXXXXX");
INSERT INTO ACCOUNTS  (ID_CLEARING, CURRENCY, BALANCE, CC) VALUES ("POL"      , "USDC",          0.0, "XXXX-XXXX-XX-XXXXXXXX");
INSERT INTO ACCOUNTS  (ID_CLEARING, CURRENCY, BALANCE, CC) VALUES ("POL"      , "USDT",          0.0, "XXXX-XXXX-XX-XXXXXXXX");
INSERT INTO ACCOUNTS  (ID_CLEARING, CURRENCY, BALANCE, CC) VALUES ("POL"      , "BTC",           0.0, "XXXX-XXXX-XX-XXXXXXXX");
INSERT INTO ACCOUNTS  (ID_CLEARING, CURRENCY, BALANCE, CC) VALUES ("POL"      , "ETH",           0.0, "XXXX-XXXX-XX-XXXXXXXX");
-- INSERT INTO ACCOUNTS  (ID_CLEARING, CURRENCY, BALANCE, CC) VALUES ("COINBASE" , "USDT",          0.0, "XXXX-XXXX-XX-XXXXXXXX");
-- INSERT INTO ACCOUNTS  (ID_CLEARING, CURRENCY, BALANCE, CC) VALUES ("COINBASE" , "BTC",           0.0, "XXXX-XXXX-XX-XXXXXXXX");
-- INSERT INTO ACCOUNTS  (ID_CLEARING, CURRENCY, BALANCE, CC) VALUES ("COINBASE" , "ETH",           0.0, "XXXX-XXXX-XX-XXXXXXXX");
-- 

DELETE FROM PORTFOLIO;
-- INSERT INTO PORTFOLIO (ID_CLEARING, CURRENCY, POS, ACTIVE, LAST_OP, LAST_VALUE, LAST_TMS) VALUES (  "ING", "EUR",   10000,  1, 0, 10000, "1980-01-01 00:00:00");
INSERT INTO PORTFOLIO (ID_CLEARING, CURRENCY, POS, AVAILABLE, ACTIVE, LAST_OP, LAST_VALUE, LAST_TMS) VALUES (  "POL", "USD",       0.0, 0.0,  1, 0,     0, "1980-01-01 00:00:00");
INSERT INTO PORTFOLIO (ID_CLEARING, CURRENCY, POS, AVAILABLE, ACTIVE, LAST_OP, LAST_VALUE, LAST_TMS) VALUES (  "POL", "BTC",       0.0, 0.0,  1, 0,     0, "1980-01-01 00:00:00");
INSERT INTO PORTFOLIO (ID_CLEARING, CURRENCY, POS, AVAILABLE, ACTIVE, LAST_OP, LAST_VALUE, LAST_TMS) VALUES (  "POL", "ETH",       0.0, 0.0,  1, 0,     0, "1980-01-01 00:00:00");
INSERT INTO PORTFOLIO (ID_CLEARING, CURRENCY, POS, AVAILABLE, ACTIVE, LAST_OP, LAST_VALUE, LAST_TMS) VALUES (  "POL", "LTC",       0.0, 0.0,  1, 0,     0, "1980-01-01 00:00:00");
INSERT INTO PORTFOLIO (ID_CLEARING, CURRENCY, POS, AVAILABLE, ACTIVE, LAST_OP, LAST_VALUE, LAST_TMS) VALUES (  "POL", "USDT",      0.0, 0.0,  1, 0,     0, "1980-01-01 00:00:00");
INSERT INTO PORTFOLIO (ID_CLEARING, CURRENCY, POS, AVAILABLE, ACTIVE, LAST_OP, LAST_VALUE, LAST_TMS) VALUES (  "POL", "USDC",      0.0, 0.0,  1, 0,     0, "1980-01-01 00:00:00");
INSERT INTO PORTFOLIO (ID_CLEARING, CURRENCY, POS, AVAILABLE, ACTIVE, LAST_OP, LAST_VALUE, LAST_TMS) VALUES (  "POL", "ETC",       0.0, 0.0,  1, 0,     0, "1980-01-01 00:00:00");
INSERT INTO PORTFOLIO (ID_CLEARING, CURRENCY, POS, AVAILABLE, ACTIVE, LAST_OP, LAST_VALUE, LAST_TMS) VALUES (  "POL", "RDD",       0.0, 0.0,  1, 0,     0, "1980-01-01 00:00:00");
INSERT INTO PORTFOLIO (ID_CLEARING, CURRENCY, POS, AVAILABLE, ACTIVE, LAST_OP, LAST_VALUE, LAST_TMS) VALUES (  "POL", "STRAT",     0.0, 0.0,  1, 0,     0, "1980-01-01 00:00:00");

COMMIT;    
